id,first_name,last_name,email,gender,country_code
1,Constantine,Newick,cnewick0@google.es,Male,UA
2,Alexandr,Wingrove,awingrove1@quantcast.com,Male,ID
3,Kerr,McTurk,kmcturk2@reverbnation.com,Male,SE
4,Trina,Fuge,tfuge3@slate.com,Female,SY
5,York,Rooper,yrooper4@yale.edu,Male,MT
6,Orlando,Bissell,obissell5@hud.gov,Polygender,PT
7,Obadias,Sleeford,osleeford6@gmpg.org,Male,SE
8,Abdel,Burfitt,aburfitt7@livejournal.com,Male,ID
9,Ilise,Dannell,idannell8@people.com.cn,Female,MN
10,Rebekkah,Skyrm,rskyrm9@topsy.com,Female,PL
11,Gino,Nugent,gnugenta@clickbank.net,Male,GR
12,Enrique,Ferre,eferreb@nymag.com,Male,ID
13,Cosmo,Rozanski,crozanskic@odnoklassniki.ru,Male,CN
14,Vevay,McCowan,vmccowand@ted.com,Female,RS
15,Moses,Clemenceau,mclemenceaue@nytimes.com,Male,CO
16,Alma,Catling,acatlingf@pinterest.com,Female,US
17,Gregg,O'Scollee,goscolleeg@feedburner.com,Male,CN
18,Ingunna,Burgin,iburginh@theguardian.com,Female,RU
19,Ashlen,Darracott,adarracotti@youtube.com,Female,MX
20,Vite,Grevile,vgrevilej@mozilla.org,Male,FR
21,Frasier,Minger,fmingerk@apple.com,Male,PH
22,Arther,Tatum,atatuml@nymag.com,Male,PK
23,Kai,Seccombe,kseccombem@sitemeter.com,Female,GR
24,Stace,Bartolomeo,sbartolomeon@yandex.ru,Female,CN
25,Dalenna,Cauldwell,dcauldwello@vkontakte.ru,Female,FR
26,Cortney,Lightwing,clightwingp@squarespace.com,Female,RU
27,Fulton,Dommett,fdommettq@about.com,Male,TH
28,Renaldo,Morch,rmorchr@slate.com,Male,BR
29,Judye,Dani,jdanis@intel.com,Genderqueer,SE
30,Winny,Allkins,wallkinst@state.tx.us,Male,RU
31,Helen-elizabeth,Bare,hbareu@github.io,Female,KW
32,Olympie,Dudgeon,odudgeonv@mediafire.com,Female,CN
33,Shauna,Renfield,srenfieldw@examiner.com,Female,MG
34,Rickey,Foxhall,rfoxhallx@epa.gov,Male,CN
35,Zebulon,Rabjohns,zrabjohnsy@redcross.org,Male,DO
36,Truman,Del Dello,tdeldelloz@plala.or.jp,Male,CN
37,Gustie,Iannello,giannello10@nih.gov,Female,PH
38,Helsa,Gillespie,hgillespie11@prweb.com,Female,VN
39,Yves,Werrilow,ywerrilow12@who.int,Genderqueer,PH
40,Quincy,Lilburne,qlilburne13@craigslist.org,Male,ID
41,Drusie,Polye,dpolye14@theatlantic.com,Female,RU
42,Vassili,Seawell,vseawell15@dagondesign.com,Male,RU
43,Ricky,Claire,rclaire16@disqus.com,Female,FR
44,Maritsa,Milberry,mmilberry17@prlog.org,Female,NG
45,Amy,Guite,aguite18@baidu.com,Female,CN
46,Hanna,Botwright,hbotwright19@dot.gov,Female,CN
47,Myrtice,Britner,mbritner1a@hhs.gov,Female,VN
48,Caleb,Hendrikse,chendrikse1b@unc.edu,Male,FR
49,Gnni,Forrestor,gforrestor1c@amazon.co.uk,Female,CZ
50,Minna,Gemlbett,mgemlbett1d@wired.com,Female,NL
51,Gregory,McFater,gmcfater1e@nasa.gov,Bigender,SV
52,Sasha,Mewitt,smewitt1f@marriott.com,Female,CN
53,Cammi,Klee,cklee1g@yahoo.co.jp,Female,BO
54,Sadie,Renison,srenison1h@360.cn,Female,GT
55,Emyle,Beddard,ebeddard1i@odnoklassniki.ru,Non-binary,RU
56,Iolanthe,Offa,ioffa1j@webeden.co.uk,Female,MG
57,Evan,Leupoldt,eleupoldt1k@opensource.org,Male,RU
58,Christa,Gerbel,cgerbel1l@ucsd.edu,Female,PT
59,Johnnie,Rance,jrance1m@salon.com,Male,PT
60,Kevan,Thor,kthor1n@auda.org.au,Male,CN
61,Alanah,Osgood,aosgood1o@ebay.co.uk,Female,FR
62,Huntlee,Blumsom,hblumsom1p@drupal.org,Male,BR
63,Eran,Habron,ehabron1q@umich.edu,Female,FR
64,Charlean,Murt,cmurt1r@dyndns.org,Female,GL
65,Joanna,Notman,jnotman1s@altervista.org,Female,PT
66,Ethe,Moultrie,emoultrie1t@tmall.com,Male,MU
67,Yovonnda,Everist,yeverist1u@amazon.co.uk,Female,CN
68,Jewell,Eccleshall,jeccleshall1v@nhs.uk,Female,JP
69,Culver,Mockford,cmockford1w@technorati.com,Male,VN
70,Anstice,Ballantyne,aballantyne1x@abc.net.au,Female,CN
71,Maisey,Mouth,mmouth1y@omniture.com,Female,PT
72,Justen,Ashard,jashard1z@columbia.edu,Male,GT
73,Luther,Bosenworth,lbosenworth20@howstuffworks.com,Male,CN
74,Clarence,Drepp,cdrepp21@infoseek.co.jp,Male,PE
75,Adrienne,Spaven,aspaven22@army.mil,Female,MN
76,Novelia,Mattiussi,nmattiussi23@baidu.com,Female,ID
77,Hughie,McMeyler,hmcmeyler24@biglobe.ne.jp,Male,ML
78,Karl,Costley,kcostley25@msn.com,Male,TH
79,Benn,Dunnett,bdunnett26@goodreads.com,Male,CM
80,Hobey,Gartery,hgartery27@sohu.com,Male,PL
81,Pincus,Abramow,pabramow28@bloglines.com,Male,ID
82,Zelda,Conboy,zconboy29@prnewswire.com,Female,UA
83,Clair,Oxtoby,coxtoby2a@xinhuanet.com,Male,ZA
84,Bonnee,Pestor,bpestor2b@businesswire.com,Female,RU
85,Gage,Sabbins,gsabbins2c@deliciousdays.com,Male,CN
86,Bernita,Storrier,bstorrier2d@ifeng.com,Female,ID
87,Trina,Kelland,tkelland2e@bloglovin.com,Female,ID
88,Reeba,Letham,rletham2f@berkeley.edu,Female,BR
89,Henrietta,Orrock,horrock2g@epa.gov,Female,CN
90,Alf,Benet,abenet2h@wikispaces.com,Male,ID
91,Mandi,Pauncefort,mpauncefort2i@smh.com.au,Female,TZ
92,Brew,Meachem,bmeachem2j@mtv.com,Bigender,PT
93,Casper,Volkers,cvolkers2k@histats.com,Male,KW
94,Kellyann,Kochel,kkochel2l@indiegogo.com,Female,KE
95,Veronica,Latek,vlatek2m@stumbleupon.com,Female,RU
96,Karleen,Knivett,kknivett2n@narod.ru,Female,ID
97,Erik,Keig,ekeig2o@mtv.com,Male,FR
98,Gaby,Wilkie,gwilkie2p@jalbum.net,Male,AM
99,Moll,Wintour,mwintour2q@de.vu,Genderfluid,HU
100,Dyna,De la croix,ddelacroix2r@dmoz.org,Female,RU
101,Brice,Gildersleeve,bgildersleeve2s@livejournal.com,Male,ID
102,Mickie,Kiggel,mkiggel2t@netlog.com,Female,CZ
103,Dorene,Browell,dbrowell2u@storify.com,Female,BR
104,Keefer,Krol,kkrol2v@seesaa.net,Male,ES
105,Lorenza,Leman,lleman2w@biglobe.ne.jp,Female,EG
106,Lancelot,Magnay,lmagnay2x@nydailynews.com,Male,AL
107,Marlene,Godthaab,mgodthaab2y@posterous.com,Female,CN
108,Stanton,Franzonello,sfranzonello2z@oracle.com,Male,FR
109,D'arcy,Gamett,dgamett30@abc.net.au,Genderqueer,AR
110,Lonni,Blissitt,lblissitt31@amazon.co.jp,Female,CN
111,Cleon,Heape,cheape32@cpanel.net,Male,TN
112,Callie,Faircloth,cfaircloth33@networkadvertising.org,Female,BR
113,Baxie,Cawte,bcawte34@people.com.cn,Male,PH
114,Patty,Rosel,prosel35@bigcartel.com,Female,BR
115,Nester,Wildman,nwildman36@tripadvisor.com,Male,CN
116,Nelle,Wollaston,nwollaston37@privacy.gov.au,Genderfluid,US
117,Rasia,Murtagh,rmurtagh38@princeton.edu,Female,CN
118,Ad,Mulkerrins,amulkerrins39@loc.gov,Male,CN
119,Tobiah,Kubis,tkubis3a@princeton.edu,Male,CZ
120,Brodie,Raven,braven3b@ebay.co.uk,Male,ZA
121,Elisabetta,Twiddell,etwiddell3c@google.com.br,Female,DO
122,Ninnette,Busfield,nbusfield3d@123-reg.co.uk,Female,CN
123,Demeter,Luparti,dluparti3e@de.vu,Female,WS
124,Donnell,Primett,dprimett3f@ebay.com,Male,GR
125,Phylis,Yetts,pyetts3g@netlog.com,Female,CN
126,Nady,Lowater,nlowater3h@admin.ch,Female,CZ
127,Sim,Foukx,sfoukx3i@sitemeter.com,Male,SI
128,Morna,Woollacott,mwoollacott3j@home.pl,Female,ID
129,Torr,Sanney,tsanney3k@mayoclinic.com,Genderqueer,NP
130,Rod,Demonge,rdemonge3l@pen.io,Male,CN
131,Lisette,Field,lfield3m@constantcontact.com,Female,FI
132,Luke,Boldry,lboldry3n@bloglovin.com,Male,FR
133,Claudell,Killeley,ckilleley3o@blinklist.com,Male,SC
134,Novelia,Leverson,nleverson3p@themeforest.net,Female,LV
135,Karia,Braghini,kbraghini3q@businesswire.com,Agender,BR
136,Alister,Kleint,akleint3r@adobe.com,Male,ID
137,Jaine,Stower,jstower3s@house.gov,Female,KR
138,Willey,Orhrt,worhrt3t@chron.com,Male,BR
139,Bobette,Clemits,bclemits3u@cnn.com,Female,MX
140,Carney,Capener,ccapener3v@newyorker.com,Male,PH
141,Lilas,Worcs,lworcs3w@wp.com,Female,BR
142,Pooh,Warlow,pwarlow3x@boston.com,Female,CN
143,Aidan,Tasseler,atasseler3y@people.com.cn,Female,US
144,Bernice,Marr,bmarr3z@yolasite.com,Female,PH
145,Orin,Ducket,oducket40@imdb.com,Male,BR
146,Bartholomeo,Hinners,bhinners41@flickr.com,Bigender,CN
147,Katalin,Bernardet,kbernardet42@uiuc.edu,Female,RU
148,Vikki,Josselson,vjosselson43@stanford.edu,Female,ID
149,Caspar,Cameron,ccameron44@dion.ne.jp,Male,FR
150,Corenda,Jannequin,cjannequin45@blogspot.com,Female,PL
151,Windy,Meardon,wmeardon46@ed.gov,Female,CZ
152,Holli,Raleston,hraleston47@comsenz.com,Female,CN
153,Laina,Gulk,lgulk48@mediafire.com,Female,FR
154,Magdaia,Nary,mnary49@yellowpages.com,Female,FR
155,Brina,Stevani,bstevani4a@ning.com,Female,BG
156,Constantine,McCheyne,cmccheyne4b@wufoo.com,Female,ID
157,Ennis,Duckerin,educkerin4c@abc.net.au,Male,PA
158,Gunilla,Halfhide,ghalfhide4d@abc.net.au,Female,RU
159,Elene,Fulks,efulks4e@is.gd,Female,GR
160,Haleigh,Dolby,hdolby4f@hp.com,Male,TH
161,Paulie,Serfati,pserfati4g@hao123.com,Female,ID
162,Katerina,Bronger,kbronger4h@taobao.com,Female,UA
163,Mohandis,L'oiseau,mloiseau4i@archive.org,Male,CN
164,Cami,Parlett,cparlett4j@bravesites.com,Female,CN
165,Kelci,Dublin,kdublin4k@nydailynews.com,Female,CO
166,Aurel,Watkin,awatkin4l@webmd.com,Female,PL
167,Janice,Lamlin,jlamlin4m@vistaprint.com,Female,CN
168,Delly,Castagne,dcastagne4n@indiatimes.com,Female,CN
169,Davidde,Catlin,dcatlin4o@addthis.com,Male,CN
170,Zara,Marsland,zmarsland4p@soundcloud.com,Female,AE
171,Kayla,Scandrite,kscandrite4q@hhs.gov,Female,MH
172,Ellswerth,Noury,enoury4r@jigsy.com,Male,CN
173,Orren,Huckabe,ohuckabe4s@nps.gov,Male,JP
174,Dania,Clelland,dclelland4t@google.it,Female,MX
175,Judith,Jankovsky,jjankovsky4u@scribd.com,Female,BR
176,Erwin,Ambrogio,eambrogio4v@t-online.de,Male,CN
177,Stesha,Marsland,smarsland4w@liveinternet.ru,Female,BR
178,Gerri,Greenstead,ggreenstead4x@unblog.fr,Male,JP
179,Phyllis,Bladder,pbladder4y@salon.com,Female,GH
180,Jillene,Macbeth,jmacbeth4z@wired.com,Female,SE
181,Aimee,McGrady,amcgrady50@prnewswire.com,Non-binary,PH
182,Ardath,Janks,ajanks51@diigo.com,Bigender,BR
183,Yvonne,Lovell,ylovell52@privacy.gov.au,Female,CN
184,Mickie,Levermore,mlevermore53@mac.com,Polygender,CN
185,Nona,Langridge,nlangridge54@wunderground.com,Female,BR
186,Fionnula,Turtle,fturtle55@fema.gov,Female,US
187,Kennedy,Lalley,klalley56@gravatar.com,Male,CN
188,Meredithe,Duhig,mduhig57@chron.com,Female,BA
189,Corbett,Hatwell,chatwell58@lulu.com,Male,CN
190,Lucio,Pohling,lpohling59@etsy.com,Male,MY
191,Jandy,Corbert,jcorbert5a@cdbaby.com,Polygender,US
192,Chucho,Gelder,cgelder5b@cmu.edu,Male,PK
193,Haley,Messom,hmessom5c@networkadvertising.org,Female,RU
194,Ted,Zupone,tzupone5d@so-net.ne.jp,Polygender,RU
195,Celestine,Pettko,cpettko5e@ask.com,Female,AZ
196,Robbert,Ferriby,rferriby5f@fotki.com,Male,CN
197,Nevile,Thorby,nthorby5g@craigslist.org,Male,BR
198,Stephen,Livock,slivock5h@friendfeed.com,Male,FR
199,Dana,Hanwell,dhanwell5i@vinaora.com,Male,SE
200,Aubrey,Caplis,acaplis5j@canalblog.com,Female,JP
201,Tim,Sex,tsex5k@archive.org,Male,PS
202,Janel,Gerritsma,jgerritsma5l@ucla.edu,Female,BR
203,Tamarra,Coping,tcoping5m@cmu.edu,Female,LK
204,Freddy,Yitshak,fyitshak5n@independent.co.uk,Female,AZ
205,Alexio,Kibbye,akibbye5o@blogs.com,Male,NA
206,Bird,Beaford,bbeaford5p@geocities.jp,Female,PH
207,Emiline,McInteer,emcinteer5q@csmonitor.com,Female,BF
208,Ardyth,Draysey,adraysey5r@odnoklassniki.ru,Female,ID
209,Gay,Aggs,gaggs5s@vk.com,Female,PT
210,Willard,Scarfe,wscarfe5t@opera.com,Male,ID
211,Dill,Wegener,dwegener5u@elegantthemes.com,Genderqueer,NI
212,Mireille,Bresnen,mbresnen5v@epa.gov,Female,PT
213,Genia,Cobon,gcobon5w@issuu.com,Female,RU
214,Briggs,Mongan,bmongan5x@theatlantic.com,Male,CN
215,Ariana,MacKeller,amackeller5y@nhs.uk,Female,RU
216,Andrea,Heliot,aheliot5z@360.cn,Female,RU
217,Tomi,Woollard,twoollard60@fotki.com,Female,CA
218,Elaine,Stear,estear61@1und1.de,Female,PE
219,Isabella,Methley,imethley62@seattletimes.com,Female,TH
220,Velvet,Slessor,vslessor63@si.edu,Female,RU
221,Mariele,Kelloch,mkelloch64@pen.io,Female,CN
222,Sholom,Baughen,sbaughen65@dell.com,Male,GT
223,Aube,Allcock,aallcock66@ftc.gov,Male,RU
224,Heda,Talloe,htalloe67@alibaba.com,Female,ID
225,Nathanil,Halifax,nhalifax68@globo.com,Male,BA
226,Llewellyn,Tibbs,ltibbs69@sfgate.com,Male,US
227,Karyl,Dominetti,kdominetti6a@eepurl.com,Female,MT
228,Ravid,Rime,rrime6b@ow.ly,Male,CN
229,Alanson,Defries,adefries6c@ameblo.jp,Male,HR
230,Catie,Winsiowiecki,cwinsiowiecki6d@aboutads.info,Female,PH
231,Eldredge,Kunath,ekunath6e@whitehouse.gov,Male,FR
232,Anastassia,Sissot,asissot6f@ezinearticles.com,Female,CN
233,Jessy,Carnoghan,jcarnoghan6g@360.cn,Female,PL
234,Aline,McTrusty,amctrusty6h@google.nl,Female,PL
235,Rafael,Elizabeth,relizabeth6i@ycombinator.com,Male,JM
236,Angelina,Teulier,ateulier6j@1und1.de,Female,GR
237,Lacy,Stevens,lstevens6k@scientificamerican.com,Female,ID
238,Janean,Poad,jpoad6l@ihg.com,Female,PH
239,Claudina,Munkton,cmunkton6m@gov.uk,Female,PT
240,Sianna,Godber,sgodber6n@feedburner.com,Female,CN
241,Silvana,Doul,sdoul6o@mtv.com,Polygender,CN
242,Edgard,Rosenstock,erosenstock6p@seesaa.net,Male,CN
243,Gordan,Francescozzi,gfrancescozzi6q@gov.uk,Male,CU
244,Bee,Littrick,blittrick6r@diigo.com,Female,CN
245,Barnebas,Murdy,bmurdy6s@g.co,Male,CN
246,Ddene,Colly,dcolly6t@technorati.com,Female,PH
247,Ermina,Segge,esegge6u@google.cn,Female,CN
248,Krissy,Fairham,kfairham6v@chicagotribune.com,Female,TH
249,Norrie,Faircliff,nfaircliff6w@xrea.com,Male,RU
250,Gloriana,Pullin,gpullin6x@google.com.au,Female,FR
251,Amaleta,Fairholme,afairholme6y@woothemes.com,Female,BR
252,Felisha,Leydon,fleydon6z@slashdot.org,Female,CN
253,Ingemar,Shutte,ishutte70@youku.com,Male,SE
254,Afton,Yurkin,ayurkin71@examiner.com,Female,RU
255,Davide,Gallelli,dgallelli72@washingtonpost.com,Male,RU
256,Lavinie,Beggin,lbeggin73@last.fm,Bigender,CZ
257,Bradney,Skade,bskade74@ucsd.edu,Male,UA
258,Em,Kurt,ekurt75@addtoany.com,Female,ID
259,Zonda,McCarrell,zmccarrell76@dell.com,Female,PT
260,Jerrome,Paumier,jpaumier77@businessweek.com,Male,PS
261,Gabie,Garm,ggarm78@yandex.ru,Polygender,CN
262,Karilynn,Loughman,kloughman79@prnewswire.com,Female,BR
263,Maryanne,Gamwell,mgamwell7a@twitter.com,Female,FR
264,Meris,Christin,mchristin7b@si.edu,Female,AR
265,Cacilia,Duling,cduling7c@upenn.edu,Non-binary,PT
266,Karleen,Coiley,kcoiley7d@google.es,Female,CN
267,Mendel,Woolger,mwoolger7e@parallels.com,Male,LU
268,Cheri,Scherme,cscherme7f@house.gov,Female,CN
269,Matthew,Beceril,mbeceril7g@shutterfly.com,Male,PT
270,Sydelle,Headey,sheadey7h@mayoclinic.com,Female,FO
271,Parke,Sawney,psawney7i@etsy.com,Male,PH
272,Geoffry,Schaumaker,gschaumaker7j@mayoclinic.com,Male,BJ
273,Rolland,Wattinham,rwattinham7k@cnn.com,Male,GR
274,Emmott,Tiddy,etiddy7l@miibeian.gov.cn,Male,CN
275,Cathy,Phelips,cphelips7m@is.gd,Female,PY
276,Kyle,Proger,kproger7n@state.tx.us,Female,RS
277,Jaimie,Birkin,jbirkin7o@issuu.com,Agender,CN
278,Mozelle,Menicomb,mmenicomb7p@ovh.net,Female,BF
279,Augie,Jewel,ajewel7q@yellowbook.com,Male,SI
280,Angie,Willerson,awillerson7r@sitemeter.com,Male,PH
281,Thurston,Worsalls,tworsalls7s@va.gov,Male,ID
282,Cesaro,Weildish,cweildish7t@vk.com,Male,BR
283,Loretta,Scottini,lscottini7u@earthlink.net,Female,CN
284,Lilian,Gellately,lgellately7v@flickr.com,Agender,PH
285,Pammi,Paice,ppaice7w@cdbaby.com,Female,UZ
286,Estrellita,Fancutt,efancutt7x@statcounter.com,Female,CN
287,Godfrey,Shalloo,gshalloo7y@latimes.com,Male,UA
288,Shelly,Macer,smacer7z@163.com,Female,CN
289,Sianna,Daout,sdaout80@nhs.uk,Female,CN
290,Neda,Garmons,ngarmons81@zimbio.com,Female,CN
291,Dinnie,Barrett,dbarrett82@homestead.com,Female,BR
292,Colene,Fernez,cfernez83@i2i.jp,Female,KH
293,Kathe,Lindelof,klindelof84@behance.net,Female,TH
294,Chloette,Cleverly,ccleverly85@ed.gov,Female,PT
295,Miller,Medeway,mmedeway86@discuz.net,Male,CN
296,Marlene,Hovenden,mhovenden87@guardian.co.uk,Female,PL
297,Lynea,Mulvenna,lmulvenna88@google.com.br,Female,ID
298,Quill,Lines,qlines89@nature.com,Male,CN
299,Filberte,Featherston,ffeatherston8a@geocities.com,Non-binary,KR
300,Cristobal,Grazier,cgrazier8b@fc2.com,Male,LV
301,Ginger,Zanettini,gzanettini8c@wiley.com,Male,CN
302,Vallie,Cattrell,vcattrell8d@globo.com,Female,US
303,Ugo,Strood,ustrood8e@nps.gov,Non-binary,PT
304,Sophie,Nield,snield8f@shop-pro.jp,Female,BD
305,Temp,Donnan,tdonnan8g@npr.org,Male,ID
306,Amalle,Esslemont,aesslemont8h@theglobeandmail.com,Female,NG
307,Jean,Merwe,jmerwe8i@weather.com,Female,SE
308,Esta,Haith,ehaith8j@cmu.edu,Female,ID
309,Der,Woodvine,dwoodvine8k@bizjournals.com,Male,RU
310,Chrystel,Latch,clatch8l@noaa.gov,Female,CA
311,Baudoin,O'Hoolahan,bohoolahan8m@intel.com,Male,PT
312,Booth,Pessel,bpessel8n@netscape.com,Male,ID
313,Sandor,Shortan,sshortan8o@hc360.com,Male,BH
314,Diarmid,Kensall,dkensall8p@yelp.com,Male,CN
315,Blake,Davenhall,bdavenhall8q@goo.ne.jp,Female,SY
316,Morganica,Ailsbury,mailsbury8r@blogs.com,Female,CN
317,Ashby,Jagger,ajagger8s@ameblo.jp,Male,ID
318,Tawnya,Ledgerton,tledgerton8t@miibeian.gov.cn,Female,MZ
319,Kenny,Leake,kleake8u@oakley.com,Genderfluid,NO
320,Janis,Lawlee,jlawlee8v@tiny.cc,Female,ID
321,Link,Luck,lluck8w@multiply.com,Male,FR
322,Ailis,Stredwick,astredwick8x@gnu.org,Female,ID
323,Kassie,Croci,kcroci8y@economist.com,Female,UA
324,Rozamond,Lister,rlister8z@sogou.com,Female,KH
325,Carmina,Diffley,cdiffley90@examiner.com,Female,NG
326,Cicily,Decort,cdecort91@adobe.com,Female,IL
327,Hurley,Click,hclick92@mysql.com,Male,ID
328,Raphaela,Sleightholm,rsleightholm93@nyu.edu,Female,GT
329,Skip,Tonsley,stonsley94@smh.com.au,Male,AM
330,Jaimie,Dawltrey,jdawltrey95@marriott.com,Female,BR
331,Rocky,McGillecole,rmcgillecole96@seattletimes.com,Male,RU
332,Brooks,Burnand,bburnand97@theguardian.com,Male,WS
333,Purcell,Sandhill,psandhill98@opera.com,Male,BR
334,Ed,Gurney,egurney99@wsj.com,Male,CN
335,Matthias,Liley,mliley9a@constantcontact.com,Male,JP
336,Kleon,MacKerley,kmackerley9b@taobao.com,Male,PL
337,Joe,Pyecroft,jpyecroft9c@seattletimes.com,Male,CN
338,Cully,Defraine,cdefraine9d@163.com,Male,TH
339,Roger,O'Callaghan,rocallaghan9e@ted.com,Male,CZ
340,Nikki,Sieur,nsieur9f@nytimes.com,Male,BG
341,Gregg,Gilhoolie,ggilhoolie9g@nba.com,Male,ID
342,Alyse,Pavinese,apavinese9h@zdnet.com,Female,IR
343,Melisse,Capps,mcapps9i@e-recht24.de,Non-binary,JP
344,Axe,Hodjetts,ahodjetts9j@toplist.cz,Male,MX
345,Nani,Gabel,ngabel9k@ted.com,Female,CN
346,Kendrick,Byart,kbyart9l@nature.com,Male,BR
347,Truman,Wonter,twonter9m@wikimedia.org,Male,KE
348,Kikelia,Yakuntsov,kyakuntsov9n@wikispaces.com,Polygender,CD
349,Mendy,Gwillym,mgwillym9o@addthis.com,Male,CN
350,Dannie,Bradbrook,dbradbrook9p@noaa.gov,Male,PH
351,Bliss,Bechley,bbechley9q@liveinternet.ru,Female,CN
352,Mimi,Snedden,msnedden9r@wufoo.com,Female,EG
353,Hamid,Senten,hsenten9s@bigcartel.com,Male,SE
354,Sile,Ayto,sayto9t@state.gov,Non-binary,ID
355,Derril,McCrainor,dmccrainor9u@feedburner.com,Male,CN
356,Carlene,Rambadt,crambadt9v@furl.net,Genderfluid,BR
357,Woodman,Beardall,wbeardall9w@lycos.com,Male,RU
358,Marlee,Gentile,mgentile9x@gov.uk,Female,UA
359,Cletis,Harmes,charmes9y@github.io,Male,SE
360,Peri,Sicha,psicha9z@blog.com,Female,ZA
361,Matthew,Menelaws,mmenelawsa0@bravesites.com,Male,BR
362,Darb,Stidever,dstidevera1@taobao.com,Male,PT
363,Laurie,Staziker,lstazikera2@samsung.com,Male,PL
364,Donnajean,Linfoot,dlinfoota3@bing.com,Female,BN
365,Cheryl,Kenwood,ckenwooda4@twitpic.com,Female,RS
366,Victor,Siggens,vsiggensa5@surveymonkey.com,Male,RU
367,Obie,Mingotti,omingottia6@fda.gov,Male,US
368,Haleigh,Teresia,hteresiaa7@mashable.com,Male,IE
369,Reade,Thistleton,rthistletona8@unc.edu,Male,JP
370,Phillis,Stronach,pstronacha9@flickr.com,Female,SE
371,Madella,Speight,mspeightaa@php.net,Female,BA
372,Terence,Cremen,tcremenab@wikispaces.com,Male,ID
373,Read,Cashen,rcashenac@wix.com,Genderqueer,XK
374,Randa,Bartolomeotti,rbartolomeottiad@blogger.com,Female,HR
375,Fabian,McQuade,fmcquadeae@ed.gov,Male,CN
376,Aeriel,Fidler,afidleraf@google.com.br,Female,RU
377,Tobiah,Jephcott,tjephcottag@mapquest.com,Male,TN
378,Cullen,Strapp,cstrappah@wordpress.org,Male,PH
379,Stavro,Lapidus,slapidusai@wired.com,Male,PK
380,Tadd,Vedekhin,tvedekhinaj@yellowpages.com,Male,BR
381,Shanan,Edgeson,sedgesonak@bizjournals.com,Male,GR
382,Nico,McIlvoray,nmcilvorayal@phoca.cz,Male,MA
383,Kellie,Duckfield,kduckfieldam@imgur.com,Female,MX
384,Kimbell,Betteriss,kbetterissan@exblog.jp,Genderqueer,ID
385,Amalea,Surmon,asurmonao@gnu.org,Female,BR
386,Vina,Fortey,vforteyap@ucoz.ru,Female,PL
387,Corliss,Doorly,cdoorlyaq@intel.com,Genderfluid,CN
388,Colline,Wainwright,cwainwrightar@barnesandnoble.com,Female,BG
389,Raffarty,Swanton,rswantonas@feedburner.com,Male,PL
390,Clo,Brocking,cbrockingat@rediff.com,Female,PL
391,Alister,Brason,abrasonau@google.it,Male,CU
392,Rorie,Collough,rcolloughav@alexa.com,Female,BR
393,Ashil,Southwell,asouthwellaw@europa.eu,Female,GT
394,Krystle,Bram,kbramax@yelp.com,Female,BR
395,Margo,Dederich,mdederichay@adobe.com,Female,AM
396,Huntington,Cucinotta,hcucinottaaz@eventbrite.com,Male,PL
397,Kaja,Lukasen,klukasenb0@fda.gov,Female,NI
398,Dave,Dmytryk,ddmytrykb1@wordpress.com,Male,FR
399,Wilek,Feathers,wfeathersb2@mapy.cz,Male,CL
400,Jenifer,De Domenicis,jdedomenicisb3@baidu.com,Female,CN
401,Raul,Malitrott,rmalitrottb4@ibm.com,Male,TH
402,Arlena,Tooby,atoobyb5@wisc.edu,Female,AR
403,Kane,Whittles,kwhittlesb6@tumblr.com,Male,MX
404,Barnabas,Furze,bfurzeb7@fastcompany.com,Male,PL
405,Meridel,Lesly,mleslyb8@ask.com,Female,SN
406,Silvio,Dmitrievski,sdmitrievskib9@ucoz.ru,Male,CN
407,Kirsten,Delagua,kdelaguaba@merriam-webster.com,Female,NI
408,Butch,Osler,boslerbb@nsw.gov.au,Male,CN
409,Padraic,Maxted,pmaxtedbc@epa.gov,Male,CN
410,Leese,Filippucci,lfilippuccibd@ustream.tv,Female,CN
411,Marv,Scothern,mscothernbe@kickstarter.com,Genderfluid,BR
412,Rachelle,Holdron,rholdronbf@salon.com,Non-binary,UZ
413,Rosemonde,Scoyne,rscoynebg@skyrock.com,Female,CN
414,Theobald,Annon,tannonbh@wufoo.com,Male,CN
415,Dale,Hrycek,dhrycekbi@shareasale.com,Female,PH
416,Heywood,Jorry,hjorrybj@technorati.com,Male,PL
417,Nadine,Padbury,npadburybk@usnews.com,Female,CN
418,Magnum,Heild,mheildbl@hibu.com,Male,PH
419,Nikolas,Shackleford,nshacklefordbm@usatoday.com,Male,CN
420,Mandel,Reast,mreastbn@cafepress.com,Male,AF
421,Josephina,Cranstone,jcranstonebo@seattletimes.com,Female,RU
422,Elbertine,Mithun,emithunbp@alexa.com,Female,PL
423,Rolph,Rookeby,rrookebybq@360.cn,Male,SD
424,Viola,Slafford,vslaffordbr@indiegogo.com,Bigender,PF
425,Eddie,Liddard,eliddardbs@yelp.com,Male,JP
426,Penn,Breslau,pbreslaubt@amazonaws.com,Male,CN
427,Richardo,Garretts,rgarrettsbu@miibeian.gov.cn,Male,MT
428,Row,Guwer,rguwerbv@pagesperso-orange.fr,Female,CO
429,Rosalynd,Kolczynski,rkolczynskibw@vk.com,Female,PT
430,Estrellita,Troy,etroybx@bloglines.com,Female,SE
431,Eve,Huggill,ehuggillby@lulu.com,Female,JP
432,Dene,Bone,dbonebz@mediafire.com,Male,PH
433,Chlo,Gasparro,cgasparroc0@pen.io,Female,PE
434,Giulietta,Pittham,gpitthamc1@dell.com,Female,ID
435,Samson,Memmory,smemmoryc2@1und1.de,Male,SE
436,Reinaldos,Klesl,rkleslc3@tiny.cc,Male,CN
437,Trisha,Ledram,tledramc4@multiply.com,Female,SE
438,Claire,Swannell,cswannellc5@ft.com,Bigender,SY
439,Sumner,Milillo,smililloc6@live.com,Male,RU
440,Geneva,Burkinshaw,gburkinshawc7@privacy.gov.au,Female,PT
441,Aldon,Ryburn,aryburnc8@tumblr.com,Male,CA
442,Simone,Beasleigh,sbeasleighc9@hud.gov,Male,MX
443,Orlan,Belshaw,obelshawca@eepurl.com,Male,EC
444,Peg,Croisier,pcroisiercb@samsung.com,Female,FI
445,Lisabeth,Kettleson,lkettlesoncc@theglobeandmail.com,Non-binary,US
446,Tybie,Rhule,trhulecd@unesco.org,Female,PH
447,Genvieve,McDuffie,gmcduffiece@smugmug.com,Female,CN
448,Morris,Abramovitch,mabramovitchcf@gov.uk,Male,BR
449,Joelynn,Riddoch,jriddochcg@webnode.com,Female,UA
450,Henryetta,Gilhooly,hgilhoolych@disqus.com,Female,CN
451,Ximenez,Harry,xharryci@unicef.org,Male,PL
452,Lynn,Fortune,lfortunecj@ucoz.ru,Male,ID
453,Loraine,Grob,lgrobck@wikia.com,Non-binary,RU
454,Brinna,Whistan,bwhistancl@go.com,Female,FR
455,Brodie,Frear,bfrearcm@ehow.com,Bigender,CN
456,Diane,Olivier,doliviercn@ning.com,Female,SE
457,Joleen,Bleacher,jbleacherco@ftc.gov,Female,HN
458,Clarita,Conford,cconfordcp@sakura.ne.jp,Female,CN
459,Cherilynn,Thursfield,cthursfieldcq@sfgate.com,Female,GR
460,Huey,Joannet,hjoannetcr@marriott.com,Male,BZ
461,Jeane,Marini,jmarinics@webnode.com,Female,PL
462,Dian,Reiling,dreilingct@weather.com,Female,BR
463,Fulvia,Scriver,fscrivercu@ebay.co.uk,Bigender,CN
464,Faythe,Monk,fmonkcv@mapy.cz,Female,CN
465,Curran,Millan,cmillancw@paginegialle.it,Male,AR
466,Winn,Schuh,wschuhcx@wikipedia.org,Male,BO
467,Beaufort,Buyers,bbuyerscy@surveymonkey.com,Male,BY
468,Ulrich,Stanway,ustanwaycz@purevolume.com,Genderfluid,ID
469,Oswell,Mincher,omincherd0@oracle.com,Male,ID
470,Shena,Tradewell,stradewelld1@diigo.com,Female,CN
471,Adrianna,Dyers,adyersd2@a8.net,Female,TH
472,Aleksandr,Dorrian,adorriand3@flickr.com,Male,PH
473,Gunar,Probbing,gprobbingd4@quantcast.com,Male,CN
474,Cart,Barlace,cbarlaced5@yolasite.com,Male,CN
475,Othella,Wyllcocks,owyllcocksd6@etsy.com,Female,ML
476,Boothe,Restall,brestalld7@aol.com,Male,BY
477,Dominica,Lukas,dlukasd8@tiny.cc,Female,CN
478,Jorge,Orlton,jorltond9@icio.us,Male,BR
479,Helge,Paulat,hpaulatda@accuweather.com,Female,CN
480,Petey,Pechold,ppecholddb@prlog.org,Male,MY
481,Jacky,Vickery,jvickerydc@google.de,Female,CN
482,Lucia,Prayer,lprayerdd@dailymail.co.uk,Female,SE
483,Charley,Elham,celhamde@tripod.com,Male,PH
484,Mei,Derkes,mderkesdf@ihg.com,Female,ID
485,Jamison,Hiddersley,jhiddersleydg@google.com.au,Male,ID
486,Larisa,Moult,lmoultdh@tumblr.com,Female,FJ
487,Trueman,Fairfoull,tfairfoulldi@comsenz.com,Male,ID
488,Steven,Node,snodedj@xinhuanet.com,Male,PK
489,Mia,Thickens,mthickensdk@nature.com,Female,ID
490,Alasdair,Flipek,aflipekdl@princeton.edu,Male,ID
491,Marje,Verryan,mverryandm@devhub.com,Female,YE
492,Zsa zsa,Lyddyard,zlyddyarddn@simplemachines.org,Female,CN
493,Archibaldo,Fyrth,afyrthdo@hp.com,Male,NO
494,Walden,Clyma,wclymadp@fastcompany.com,Agender,NO
495,Laurens,Humber,lhumberdq@tripadvisor.com,Male,KP
496,Nicolis,Leal,nlealdr@fema.gov,Male,CN
497,Bennie,Bolzen,bbolzends@i2i.jp,Female,TH
498,Netty,Madsen,nmadsendt@jalbum.net,Non-binary,NG
499,Marji,Seaking,mseakingdu@princeton.edu,Female,ZA
500,Amalea,Batchelder,abatchelderdv@wunderground.com,Female,VE
501,Douglass,Astill,dastilldw@house.gov,Male,PE
502,Adrianne,Ende,aendedx@goo.ne.jp,Female,LU
503,Aldin,Saban,asabandy@google.nl,Male,AL
504,Lionel,Filyakov,lfilyakovdz@chicagotribune.com,Male,FR
505,Gerik,Beseke,gbesekee0@vistaprint.com,Male,ID
506,Bertie,Gypson,bgypsone1@hugedomains.com,Female,PT
507,Mae,Yo,myoe2@ocn.ne.jp,Female,JP
508,Isabelle,Dearnaley,idearnaleye3@yelp.com,Non-binary,PH
509,Jobey,Coggings,jcoggingse4@sourceforge.net,Female,CN
510,Meggi,Iacovaccio,miacovaccioe5@biblegateway.com,Female,ZW
511,Drusi,Tribbeck,dtribbecke6@webs.com,Female,US
512,Grange,Shurmer,gshurmere7@chron.com,Male,IE
513,Smitty,Cicculini,scicculinie8@shinystat.com,Agender,BR
514,Allie,Ellington,aellingtone9@wordpress.org,Female,YE
515,Malina,Mark,mmarkea@ucoz.ru,Polygender,CA
516,Diahann,Atlay,datlayeb@vistaprint.com,Female,SE
517,Ralph,Starmer,rstarmerec@domainmarket.com,Male,AU
518,Callean,Gerraty,cgerratyed@is.gd,Male,CN
519,Lotta,Esser,lesseree@phoca.cz,Female,ZA
520,Yorker,Proudley,yproudleyef@boston.com,Male,LU
521,Burgess,Juliff,bjuliffeg@fc2.com,Male,PL
522,Carmelita,Buzzing,cbuzzingeh@state.gov,Female,US
523,Cornall,Clausen,cclausenei@sun.com,Male,KG
524,Myranda,Folca,mfolcaej@toplist.cz,Female,ET
525,Wynny,Jamblin,wjamblinek@craigslist.org,Female,PK
526,Pietrek,Jeffels,pjeffelsel@who.int,Male,PT
527,Tarah,Chaikovski,tchaikovskiem@zdnet.com,Female,PT
528,Conant,Whiffin,cwhiffinen@amazon.co.uk,Male,HN
529,Edsel,Grunwall,egrunwalleo@unblog.fr,Male,ID
530,Maribel,Pren,mprenep@fc2.com,Female,PS
531,Tally,Matthiae,tmatthiaeeq@tinyurl.com,Female,CN
532,Kaia,Woolhouse,kwoolhouseer@drupal.org,Female,CN
533,Theodoric,Traise,ttraisees@usa.gov,Non-binary,FR
534,Petunia,McElvogue,pmcelvogueet@imageshack.us,Female,PH
535,Armstrong,Avrahamov,aavrahamoveu@go.com,Male,BG
536,Christyna,Ruger,crugerev@washington.edu,Female,UA
537,Terza,Carnow,tcarnowew@spotify.com,Female,CN
538,Christopher,Francescuccio,cfrancescuccioex@hostgator.com,Male,VE
539,Nissy,Atley,natleyey@ebay.com,Female,SE
540,Clayton,Blanko,cblankoez@cnet.com,Genderqueer,CN
541,Tobiah,Whittock,twhittockf0@ucsd.edu,Male,BY
542,Claire,Dursley,cdursleyf1@1688.com,Genderfluid,ID
543,Burlie,Donaway,bdonawayf2@rakuten.co.jp,Male,PT
544,Alva,Bundey,abundeyf3@feedburner.com,Male,RU
545,Elset,Brownhill,ebrownhillf4@angelfire.com,Female,RU
546,Thorvald,Van Velden,tvanveldenf5@spotify.com,Male,RU
547,Hugh,Hurndall,hhurndallf6@liveinternet.ru,Male,TH
548,Nial,Coppard,ncoppardf7@berkeley.edu,Male,TH
549,Penrod,Twining,ptwiningf8@comcast.net,Genderqueer,CN
550,Elonore,Longlands,elonglandsf9@abc.net.au,Female,BR
551,Debbie,Squirrel,dsquirrelfa@hp.com,Female,RU
552,Huey,Riping,hripingfb@360.cn,Male,TH
553,Rubin,Mongain,rmongainfc@usa.gov,Male,BR
554,Riley,Ferrarese,rferraresefd@china.com.cn,Male,SY
555,Bryana,MacAndrew,bmacandrewfe@dell.com,Female,CN
556,Caril,Follet,cfolletff@newyorker.com,Female,CN
557,Ricki,Freed,rfreedfg@vkontakte.ru,Male,UA
558,Barb,Draaisma,bdraaismafh@zdnet.com,Female,BR
559,Daphene,Febre,dfebrefi@wsj.com,Female,FR
560,Elvyn,de Werk,edewerkfj@intel.com,Male,CN
561,Terrie,Sherborne,tsherbornefk@mashable.com,Female,BR
562,Melodie,Woodyer,mwoodyerfl@thetimes.co.uk,Female,CN
563,Scott,Tomek,stomekfm@altervista.org,Male,PL
564,Rudiger,Milnes,rmilnesfn@hubpages.com,Male,ID
565,Noll,Killingbeck,nkillingbeckfo@de.vu,Male,PE
566,Sallyanne,Fleote,sfleotefp@berkeley.edu,Genderfluid,CN
567,Christal,Mordan,cmordanfq@yahoo.com,Female,PH
568,Candida,Heddy,cheddyfr@amazon.com,Female,HN
569,Fax,Lewinton,flewintonfs@meetup.com,Male,MU
570,Shaylah,Crellim,screllimft@guardian.co.uk,Non-binary,IE
571,Sabine,Rolin,srolinfu@de.vu,Female,PL
572,Marybeth,Bockin,mbockinfv@mlb.com,Female,PH
573,Eustacia,Pye,epyefw@shutterfly.com,Female,FI
574,Penny,Seally,pseallyfx@aboutads.info,Male,UZ
575,Roderich,Reggio,rreggiofy@squarespace.com,Male,CN
576,Farlee,Squires,fsquiresfz@home.pl,Male,PH
577,Wood,Cawker,wcawkerg0@mysql.com,Male,TH
578,Kira,Fairrie,kfairrieg1@naver.com,Female,SE
579,Maggee,Bloomfield,mbloomfieldg2@usgs.gov,Female,CN
580,Franni,Saltmarsh,fsaltmarshg3@typepad.com,Female,CO
581,Christal,Parkyns,cparkynsg4@walmart.com,Female,PL
582,Ivy,Houseago,ihouseagog5@miibeian.gov.cn,Female,GR
583,Alic,Ginie,aginieg6@washingtonpost.com,Male,US
584,Fred,Koppke,fkoppkeg7@unc.edu,Female,EG
585,Miguela,Bixley,mbixleyg8@opensource.org,Female,DE
586,Rheba,Beves,rbevesg9@slate.com,Female,PL
587,Ilise,Raff,iraffga@instagram.com,Female,SE
588,Jasper,Kerley,jkerleygb@paypal.com,Male,NO
589,Bink,McGraith,bmcgraithgc@ibm.com,Male,PL
590,Tomkin,Birkmyr,tbirkmyrgd@cyberchimps.com,Male,PH
591,Selinda,Astling,sastlingge@sfgate.com,Female,FI
592,Brigitte,Crosthwaite,bcrosthwaitegf@economist.com,Female,SE
593,Atlante,Wrout,awroutgg@gravatar.com,Female,RU
594,Odie,Lebbern,olebberngh@samsung.com,Male,MX
595,Skylar,Ilbert,silbertgi@merriam-webster.com,Male,PL
596,Mylo,Ivankov,mivankovgj@elpais.com,Male,AR
597,Emmy,Swayne,eswaynegk@homestead.com,Polygender,KZ
598,Carlen,Wakelin,cwakelingl@tumblr.com,Female,CN
599,Brenden,Glave,bglavegm@reference.com,Male,PL
600,Beltran,Lippingwell,blippingwellgn@hexun.com,Male,CN
601,Virginie,Pickton,vpicktongo@wikispaces.com,Female,ES
602,Boone,Dupey,bdupeygp@ed.gov,Agender,SY
603,Bobette,Faro,bfarogq@youtu.be,Female,MT
604,Patti,Shearer,pshearergr@imageshack.us,Genderqueer,RU
605,Damian,Balcon,dbalcongs@nymag.com,Male,ID
606,Jaimie,Hulme,jhulmegt@techcrunch.com,Male,ID
607,Vasili,Pibsworth,vpibsworthgu@dion.ne.jp,Male,PT
608,Hortense,Crannach,hcrannachgv@macromedia.com,Female,CN
609,Antoni,Verduin,averduingw@va.gov,Agender,PE
610,Shelden,Baurerich,sbaurerichgx@discovery.com,Male,SE
611,Cherrita,Hynam,chynamgy@shinystat.com,Female,PH
612,Truda,Philbin,tphilbingz@moonfruit.com,Female,KW
613,Elly,Brims,ebrimsh0@zimbio.com,Female,ID
614,Faustine,Church,fchurchh1@prweb.com,Female,RU
615,Jarrett,Hugonin,jhugoninh2@java.com,Genderqueer,BR
616,Wadsworth,Adamthwaite,wadamthwaiteh3@google.co.uk,Non-binary,ID
617,Nathaniel,Leuren,nleurenh4@cornell.edu,Male,CH
618,Vincenty,Eisikowitz,veisikowitzh5@tripod.com,Male,CN
619,Shaylyn,Fevier,sfevierh6@devhub.com,Female,UA
620,Beck,Balch,bbalchh7@elegantthemes.com,Male,CZ
621,Patrizia,Freeburn,pfreeburnh8@china.com.cn,Female,CN
622,Davida,Wisden,dwisdenh9@miitbeian.gov.cn,Female,JP
623,Wells,Piggot,wpiggotha@is.gd,Male,CZ
624,Thomasin,Gush,tgushhb@pcworld.com,Female,CA
625,Ingaberg,Rabjohn,irabjohnhc@patch.com,Female,CN
626,Katuscha,Mirralls,kmirrallshd@reference.com,Female,CN
627,Burtie,Oldroyd,boldroydhe@chronoengine.com,Male,ID
628,Reg,Ravenshear,rravenshearhf@nps.gov,Male,PS
629,Rodrique,Yakob,ryakobhg@google.es,Male,ME
630,Parnell,Nursey,pnurseyhh@europa.eu,Male,US
631,Mandel,Casper,mcasperhi@irs.gov,Genderqueer,RU
632,Gardie,Tryhorn,gtryhornhj@creativecommons.org,Male,US
633,Elna,Toombes,etoombeshk@flavors.me,Non-binary,MY
634,Elton,Whitehurst,ewhitehursthl@mozilla.com,Male,FI
635,Jaimie,Belli,jbellihm@hostgator.com,Polygender,CN
636,Sylvan,Scudamore,sscudamorehn@instagram.com,Male,CN
637,Tabbi,Gaddas,tgaddasho@google.co.jp,Female,CN
638,Rolland,Christofor,rchristoforhp@techcrunch.com,Polygender,FR
639,Bradney,Silcock,bsilcockhq@sbwire.com,Male,CN
640,Cassy,Grolmann,cgrolmannhr@chronoengine.com,Female,PT
641,Karl,Rysom,krysomhs@cbsnews.com,Male,SN
642,Dre,Backman,dbackmanht@php.net,Female,PL
643,Raven,Cours,rcourshu@plala.or.jp,Female,RU
644,Lowrance,Smorthwaite,lsmorthwaitehv@java.com,Male,NG
645,Derk,Kettley,dkettleyhw@accuweather.com,Bigender,RS
646,Rogers,Flann,rflannhx@whitehouse.gov,Male,ID
647,Guendolen,Hamel,ghamelhy@hatena.ne.jp,Female,AR
648,Nathanil,Brockway,nbrockwayhz@weebly.com,Male,RU
649,Brien,Trevett,btrevetti0@wikimedia.org,Male,UZ
650,Alexandros,Ingleby,ainglebyi1@cam.ac.uk,Male,CO
651,Baryram,Ewings,bewingsi2@cyberchimps.com,Male,BR
652,Clemente,Dinnis,cdinnisi3@bloglovin.com,Male,CO
653,Loree,Denison,ldenisoni4@cmu.edu,Female,PH
654,Kenny,Servant,kservanti5@ow.ly,Genderfluid,ID
655,Drusilla,Halversen,dhalverseni6@home.pl,Female,NL
656,Germain,Sliman,gslimani7@hugedomains.com,Male,CN
657,Ruy,Crissil,rcrissili8@ask.com,Male,ID
658,Bendicty,Huard,bhuardi9@epa.gov,Male,IE
659,Alys,Eddington,aeddingtonia@umich.edu,Female,US
660,Clareta,Matuszynski,cmatuszynskiib@google.es,Female,BR
661,Dido,Trowl,dtrowlic@biglobe.ne.jp,Female,CZ
662,Lonny,Danis,ldanisid@free.fr,Male,CN
663,Marquita,Mattersley,mmattersleyie@amazonaws.com,Female,SN
664,Halie,Tock,htockif@ycombinator.com,Female,ID
665,Raviv,Muzzullo,rmuzzulloig@myspace.com,Male,EC
666,Mortie,Winning,mwinningih@tiny.cc,Male,ID
667,Kerrill,Alessandretti,kalessandrettiii@time.com,Female,RU
668,Keri,Livens,klivensij@nih.gov,Female,PL
669,Emilie,Garbutt,egarbuttik@twitpic.com,Female,CA
670,Lorelle,Ivimey,livimeyil@admin.ch,Female,RU
671,Derward,Esseby,dessebyim@huffingtonpost.com,Bigender,MN
672,Chelsey,Piechnik,cpiechnikin@addtoany.com,Agender,SV
673,Roanne,Lanning,rlanningio@hostgator.com,Female,PH
674,Spike,Donett,sdonettip@theglobeandmail.com,Male,ZW
675,Harp,Blasiak,hblasiakiq@hp.com,Male,CN
676,Stanley,Tireman,stiremanir@last.fm,Male,PH
677,Lock,Pischoff,lpischoffis@ebay.co.uk,Male,DM
678,Say,Stubbin,sstubbinit@oaic.gov.au,Male,FR
679,Baldwin,Copyn,bcopyniu@skype.com,Male,AR
680,Ellery,Barkley,ebarkleyiv@chicagotribune.com,Male,KR
681,Juliane,Simanek,jsimanekiw@flavors.me,Female,MY
682,Clemmie,Trangmar,ctrangmarix@theatlantic.com,Genderfluid,SE
683,Odette,Van Saltsberg,ovansaltsbergiy@admin.ch,Female,CN
684,Derron,Goldthorpe,dgoldthorpeiz@tumblr.com,Male,TH
685,Emelyne,Vollam,evollamj0@marriott.com,Female,ID
686,Berkley,Bunkle,bbunklej1@bloomberg.com,Male,ZA
687,Brockie,Karolczyk,bkarolczykj2@cornell.edu,Male,HN
688,Parsifal,Kluger,pklugerj3@shinystat.com,Male,PL
689,Robin,Fraczek,rfraczekj4@msn.com,Male,PH
690,Luther,Cardenas,lcardenasj5@miitbeian.gov.cn,Male,SE
691,Timothy,Moline,tmolinej6@about.me,Male,CN
692,Angelita,Surpliss,asurplissj7@infoseek.co.jp,Female,CN
693,Amata,Orpyne,aorpynej8@ovh.net,Female,CA
694,Mercedes,Marty,mmartyj9@indiegogo.com,Female,RS
695,Aleen,Januszkiewicz,ajanuszkiewiczja@google.com.hk,Female,CN
696,Magda,Aneley,maneleyjb@mysql.com,Female,PK
697,Ruby,Sharpley,rsharpleyjc@statcounter.com,Male,MY
698,Gavra,Coit,gcoitjd@ustream.tv,Female,PH
699,Tory,Brennan,tbrennanje@fda.gov,Female,LK
700,Averil,Wrixon,awrixonjf@rambler.ru,Female,CD
701,Urbanus,Ludlem,uludlemjg@opensource.org,Male,KR
702,Agretha,Hebblewaite,ahebblewaitejh@apple.com,Female,VN
703,Enrico,Potell,epotellji@mtv.com,Male,CL
704,Herc,Phelip,hphelipjj@aboutads.info,Male,CN
705,Fredia,Rodman,frodmanjk@people.com.cn,Female,ID
706,Ewell,Fevier,efevierjl@oracle.com,Male,IE
707,Cherice,Worthington,cworthingtonjm@time.com,Female,RU
708,Reginauld,Rottgers,rrottgersjn@sbwire.com,Male,IR
709,Moises,Minihan,mminihanjo@cloudflare.com,Male,RU
710,Preston,O'Mannion,pomannionjp@bravesites.com,Male,AF
711,Grayce,Fitchell,gfitchelljq@oakley.com,Female,CY
712,Lemmy,Geare,lgearejr@pinterest.com,Male,CN
713,Muhammad,Mantripp,mmantrippjs@ft.com,Male,PL
714,Krissy,Livings,klivingsjt@vimeo.com,Female,ID
715,Andrew,Curdell,acurdellju@wp.com,Male,SE
716,Vasilis,Reay,vreayjv@eventbrite.com,Male,SE
717,Ardene,Wiltshaw,awiltshawjw@ibm.com,Female,CN
718,Alli,Jerschke,ajerschkejx@nyu.edu,Female,ID
719,Brad,Eakin,beakinjy@goo.ne.jp,Male,UA
720,Lou,Jehan,ljehanjz@blog.com,Female,GR
721,Brien,Lumley,blumleyk0@furl.net,Male,ID
722,Guillaume,Gillum,ggillumk1@google.com,Male,TZ
723,Debi,Downing,ddowningk2@uol.com.br,Female,BR
724,Felipe,Rogerson,frogersonk3@goodreads.com,Male,HN
725,Chery,Juzek,cjuzekk4@google.es,Female,PT
726,Britte,Lace,blacek5@slate.com,Female,ES
727,Drud,Woodage,dwoodagek6@ebay.com,Male,CZ
728,Elston,Olivetti,eolivettik7@facebook.com,Male,UA
729,Carling,Meikle,cmeiklek8@xrea.com,Male,CA
730,Mano,Fransseni,mfranssenik9@buzzfeed.com,Male,PE
731,Matthus,Fuzzey,mfuzzeyka@bluehost.com,Male,CN
732,Cyndi,Copp,ccoppkb@addthis.com,Female,ID
733,Mal,Degli Antoni,mdegliantonikc@unblog.fr,Genderfluid,MD
734,Vally,Cowtherd,vcowtherdkd@oracle.com,Female,CO
735,Ellyn,Guidotti,eguidottike@squidoo.com,Female,RU
736,Emery,Tunna,etunnakf@biglobe.ne.jp,Male,CN
737,Martainn,Badham,mbadhamkg@aol.com,Male,RU
738,Conney,Buckler,cbucklerkh@prnewswire.com,Male,TZ
739,Orlan,Riolfi,oriolfiki@g.co,Male,AR
740,Nollie,Van't Hoff,nvanthoffkj@paypal.com,Male,US
741,Mahalia,McConigal,mmcconigalkk@ask.com,Female,ID
742,Quinn,Wainman,qwainmankl@about.com,Male,BR
743,Bruis,Meadowcraft,bmeadowcraftkm@creativecommons.org,Male,CN
744,Camel,Worboy,cworboykn@timesonline.co.uk,Female,CN
745,Constantina,Todd,ctoddko@thetimes.co.uk,Female,PL
746,Zola,Norley,znorleykp@desdev.cn,Female,SE
747,Helen,Surgeon,hsurgeonkq@nbcnews.com,Female,PH
748,Mitchell,Iveans,miveanskr@mapquest.com,Male,GR
749,Carena,Hillaby,chillabyks@hubpages.com,Genderfluid,SS
750,Ingram,Reiling,ireilingkt@indiatimes.com,Male,ZM
751,Giulio,Tillett,gtillettku@parallels.com,Male,PL
752,Nealon,MacKissack,nmackissackkv@sciencedaily.com,Male,RU
753,Corny,Scorton,cscortonkw@delicious.com,Female,SE
754,Giselbert,Kenright,gkenrightkx@mashable.com,Male,PT
755,Dena,Stannering,dstanneringky@goo.gl,Female,CN
756,Dareen,Parker,dparkerkz@woothemes.com,Female,UA
757,Novelia,Mashro,nmashrol0@nifty.com,Female,MY
758,Sisely,Stelljes,sstelljesl1@boston.com,Female,US
759,Vasily,Nannini,vnanninil2@toplist.cz,Male,JP
760,Guss,Bellows,gbellowsl3@mac.com,Male,BR
761,Katharine,Pooly,kpoolyl4@topsy.com,Female,CN
762,Mackenzie,Dedon,mdedonl5@pen.io,Male,MX
763,Grayce,Cellone,gcellonel6@1688.com,Female,RU
764,Celisse,Passie,cpassiel7@naver.com,Female,CN
765,Tamera,Haddleton,thaddletonl8@dropbox.com,Female,IE
766,Joannes,Lucian,jlucianl9@tiny.cc,Female,CN
767,Pasquale,Hawkswood,phawkswoodla@hc360.com,Male,MG
768,Pete,Glasbey,pglasbeylb@adobe.com,Male,CN
769,Logan,Stabbins,lstabbinslc@ihg.com,Male,GR
770,Shelly,Scottini,sscottinild@deliciousdays.com,Female,ID
771,Garvy,Huguenet,ghuguenetle@forbes.com,Male,AR
772,Lizabeth,Dobrowlski,ldobrowlskilf@nasa.gov,Female,ID
773,Sydel,Willows,swillowslg@tripod.com,Female,GB
774,Rosemarie,Clemon,rclemonlh@biblegateway.com,Female,PY
775,Brendin,Mussared,bmussaredli@gravatar.com,Male,CN
776,Carmine,Netherclift,cnethercliftlj@ezinearticles.com,Female,RU
777,Lindi,McKimmie,lmckimmielk@mac.com,Female,FM
778,Averill,Speare,aspearell@chicagotribune.com,Male,CN
779,Whitman,Clausen-Thue,wclausenthuelm@ycombinator.com,Male,PK
780,Roxy,Charrington,rcharringtonln@ow.ly,Female,ID
781,Pooh,Robiot,probiotlo@desdev.cn,Male,CN
782,Shelden,Cloake,scloakelp@chronoengine.com,Male,PT
783,Jacquelynn,Bester,jbesterlq@yellowbook.com,Female,CN
784,Bethena,Mosen,bmosenlr@nhs.uk,Female,DO
785,Roth,Jarrel,rjarrells@army.mil,Male,PA
786,Denise,Margram,dmargramlt@naver.com,Female,ID
787,Tobe,Dearle-Palser,tdearlepalserlu@sbwire.com,Male,ID
788,Alic,Press,apresslv@unesco.org,Male,LK
789,Zechariah,Bore,zborelw@telegraph.co.uk,Male,HN
790,Conant,Hardwich,chardwichlx@flavors.me,Male,UZ
791,Janela,Battell,jbattellly@icq.com,Genderqueer,US
792,Ninon,Cawte,ncawtelz@studiopress.com,Female,CN
793,Arnie,Bartelet,abarteletm0@pagesperso-orange.fr,Male,JP
794,Corabella,Atto,cattom1@google.ru,Female,HN
795,Skippie,Simester,ssimesterm2@boston.com,Male,SE
796,Antonia,Simpkiss,asimpkissm3@imgur.com,Female,HR
797,Bryn,Mallan,bmallanm4@jalbum.net,Female,CN
798,Patrice,Riddiford,priddifordm5@dyndns.org,Female,BR
799,Debra,Margram,dmargramm6@berkeley.edu,Female,CN
800,Kathrine,Collough,kcolloughm7@live.com,Female,FR
801,Jessica,Shapera,jshaperam8@cyberchimps.com,Female,CN
802,Elwin,Mattock,emattockm9@yahoo.co.jp,Male,US
803,Gilberta,Burl,gburlma@harvard.edu,Female,RU
804,Darrin,Larwell,dlarwellmb@bbc.co.uk,Male,ID
805,Bertie,Lobb,blobbmc@bbc.co.uk,Female,ID
806,Gerald,Biers,gbiersmd@upenn.edu,Male,CA
807,Kania,Weatherall,kweatherallme@unicef.org,Female,VN
808,Jillane,Tointon,jtointonmf@japanpost.jp,Genderfluid,PL
809,Rainer,Loines,rloinesmg@quantcast.com,Genderfluid,FR
810,Jakie,Gosson,jgossonmh@arizona.edu,Male,BR
811,Sadie,Ellings,sellingsmi@wiley.com,Female,ID
812,Francisco,Eldritt,feldrittmj@theatlantic.com,Male,FR
813,Burt,Craig,bcraigmk@epa.gov,Male,SE
814,Adaline,Risely,ariselyml@technorati.com,Female,CN
815,Natalya,Ogborn,nogbornmm@google.es,Female,PL
816,Elsbeth,Kidsley,ekidsleymn@xrea.com,Female,ID
817,Kristen,Olsen,kolsenmo@deliciousdays.com,Genderfluid,EG
818,Conny,Bratten,cbrattenmp@furl.net,Female,KE
819,Noll,Peltzer,npeltzermq@jugem.jp,Male,CN
820,Carmelia,Napleton,cnapletonmr@toplist.cz,Female,ID
821,Hamlin,Wicher,hwicherms@flickr.com,Male,PA
822,Franklin,MacLese,fmaclesemt@chron.com,Male,UA
823,Mady,Whatson,mwhatsonmu@spotify.com,Female,ID
824,Demetrius,Jiroudek,djiroudekmv@skype.com,Male,PT
825,Maynard,Hinz,mhinzmw@imageshack.us,Male,BO
826,Arluene,Davenhill,adavenhillmx@mayoclinic.com,Female,PE
827,Candie,Clarage,cclaragemy@so-net.ne.jp,Female,CN
828,Dennison,Oliveti,dolivetimz@diigo.com,Male,ID
829,Hetti,Beek,hbeekn0@cpanel.net,Female,PH
830,Lolita,Pipping,lpippingn1@twitter.com,Female,CN
831,Ezmeralda,Hickford,ehickfordn2@technorati.com,Female,CN
832,Marlane,Scandroot,mscandrootn3@creativecommons.org,Female,PH
833,Reuben,Cahen,rcahenn4@netvibes.com,Male,RU
834,Marlow,Bricksey,mbrickseyn5@opensource.org,Male,IR
835,Vivianne,Cheasman,vcheasmann6@typepad.com,Female,CN
836,Albertine,Larkin,alarkinn7@umn.edu,Agender,US
837,Stevana,Crammy,scrammyn8@craigslist.org,Female,ID
838,Ulrich,Bech,ubechn9@domainmarket.com,Male,CN
839,Anica,Cogle,acoglena@yale.edu,Female,SE
840,Judas,Le Noury,jlenourynb@clickbank.net,Male,RU
841,Valencia,Childs,vchildsnc@shop-pro.jp,Female,CN
842,Max,Plaskett,mplaskettnd@mayoclinic.com,Male,BY
843,Marylinda,Reford,mrefordne@shutterfly.com,Female,UA
844,Gunter,Worcester,gworcesternf@columbia.edu,Male,CN
845,Herve,Antos,hantosng@odnoklassniki.ru,Male,KR
846,Chrissie,Jefferies,cjefferiesnh@springer.com,Male,MY
847,Lalo,Guswell,lguswellni@google.ru,Male,CN
848,Tirrell,Santostefano.,tsantostefanonj@mit.edu,Male,UZ
849,Thaxter,Manchett,tmanchettnk@liveinternet.ru,Male,PH
850,Jo-ann,Back,jbacknl@google.com.hk,Female,PH
851,Fredia,Howler,fhowlernm@google.com.br,Female,TH
852,Franzen,Angus,fangusnn@weather.com,Male,BR
853,Paulina,Dureden,pduredenno@addtoany.com,Female,PT
854,Logan,Ivanyushkin,livanyushkinnp@mayoclinic.com,Male,FR
855,Phineas,Stango,pstangonq@is.gd,Male,ID
856,Kimmi,Connealy,kconnealynr@yale.edu,Non-binary,MX
857,Myrtice,Lippitt,mlippittns@vkontakte.ru,Agender,SI
858,Towney,Count,tcountnt@twitpic.com,Male,PH
859,Michal,Louis,mlouisnu@liveinternet.ru,Female,GR
860,Brooke,Coldman,bcoldmannv@webs.com,Male,LK
861,Vance,Attridge,vattridgenw@google.cn,Male,GR
862,Glenna,Haithwaite,ghaithwaitenx@sohu.com,Bigender,ID
863,Sophi,Bonifazio,sbonifaziony@fastcompany.com,Female,CN
864,Silvester,Spaxman,sspaxmannz@princeton.edu,Male,PT
865,Lowell,Tallach,ltallacho0@cbsnews.com,Genderfluid,CN
866,Laureen,Marshland,lmarshlando1@thetimes.co.uk,Polygender,UA
867,Kizzee,Benkhe,kbenkheo2@unblog.fr,Female,CN
868,William,Sinclar,wsinclaro3@deliciousdays.com,Male,JO
869,Lucie,Browett,lbrowetto4@vistaprint.com,Female,ID
870,Levon,Mannakee,lmannakeeo5@nydailynews.com,Male,CN
871,Ruy,Alvaro,ralvaroo6@pagesperso-orange.fr,Male,UA
872,Dur,Maulden,dmauldeno7@behance.net,Male,MA
873,Robinette,Argente,rargenteo8@blogtalkradio.com,Non-binary,HU
874,Carri,Ovise,coviseo9@de.vu,Female,ID
875,Margaretha,Dunnet,mdunnetoa@i2i.jp,Female,YE
876,Ganny,Pedrocco,gpedroccoob@blogspot.com,Male,PL
877,Melantha,Dinan,mdinanoc@1und1.de,Female,CN
878,Ephraim,D'Orsay,edorsayod@123-reg.co.uk,Male,ID
879,Wenona,Rowney,wrowneyoe@over-blog.com,Female,ID
880,Kimball,Shipman,kshipmanof@youku.com,Male,SE
881,Ariella,Abells,aabellsog@csmonitor.com,Female,VN
882,Eolande,Kloss,eklossoh@multiply.com,Female,IE
883,Elvis,Holme,eholmeoi@ycombinator.com,Male,SE
884,Georgena,Mummery,gmummeryoj@google.com,Female,AR
885,Berky,Dunlop,bdunlopok@wired.com,Male,CN
886,Irena,Simunek,isimunekol@mozilla.com,Female,PL
887,Langston,Gorgen,lgorgenom@mediafire.com,Male,RU
888,Udall,Zanre,uzanreon@usgs.gov,Male,TH
889,Ambrose,Loxdale,aloxdaleoo@bing.com,Male,AR
890,Wait,Blown,wblownop@dailymail.co.uk,Male,ID
891,Francklyn,Sabathe,fsabatheoq@multiply.com,Male,NC
892,Meyer,Adess,madessor@buzzfeed.com,Male,UA
893,Ninette,Temple,ntempleos@51.la,Female,HN
894,Jasen,Tracey,jtraceyot@booking.com,Male,PH
895,Alvin,Mosson,amossonou@wikipedia.org,Male,CN
896,Alden,Skaife,askaifeov@exblog.jp,Male,ID
897,Deck,Betun,dbetunow@etsy.com,Male,CN
898,Anastasia,McFarlane,amcfarlaneox@drupal.org,Female,RU
899,Franny,Pendred,fpendredoy@baidu.com,Female,CN
900,Benedikt,Pauluzzi,bpauluzzioz@sun.com,Male,CN
901,Briano,Burdass,bburdassp0@histats.com,Male,CN
902,Odelle,Cheng,ochengp1@yandex.ru,Female,DO
903,Bettina,Reynolds,breynoldsp2@constantcontact.com,Female,VE
904,Karole,Milksop,kmilksopp3@kickstarter.com,Female,KP
905,Brewster,Mowsdill,bmowsdillp4@tmall.com,Male,ID
906,Kimberly,Wythill,kwythillp5@omniture.com,Genderqueer,JP
907,Jenn,McCumskay,jmccumskayp6@wikimedia.org,Female,PH
908,Theo,Rummings,trummingsp7@simplemachines.org,Male,PH
909,Hedy,Mazzeo,hmazzeop8@alibaba.com,Female,CN
910,Euell,Helsby,ehelsbyp9@cbc.ca,Polygender,RU
911,Nicholas,Scholfield,nscholfieldpa@tripadvisor.com,Male,ID
912,Thurston,Skrine,tskrinepb@mail.ru,Male,NP
913,Wade,Verheijden,wverheijdenpc@arizona.edu,Male,CN
914,Kristoforo,Kubasiewicz,kkubasiewiczpd@linkedin.com,Male,CN
915,Gussi,Dibdall,gdibdallpe@amazon.co.jp,Female,VN
916,Florri,Luetkemeyers,fluetkemeyerspf@cafepress.com,Female,VE
917,Ryley,Sturgess,rsturgesspg@xinhuanet.com,Male,YE
918,Damiano,Brigman,dbrigmanph@china.com.cn,Male,BR
919,Joyan,Byrkmyr,jbyrkmyrpi@squarespace.com,Female,GR
920,Cele,Delf,cdelfpj@booking.com,Female,CN
921,Merrill,Prettejohns,mprettejohnspk@quantcast.com,Female,RU
922,Peggi,Gatman,pgatmanpl@who.int,Female,TH
923,Flory,Burgyn,fburgynpm@cocolog-nifty.com,Genderqueer,PL
924,Granville,Frensche,gfrenschepn@altervista.org,Male,ID
925,Lydon,Robbert,lrobbertpo@chicagotribune.com,Male,CN
926,Betta,Ikringill,bikringillpp@hc360.com,Female,PS
927,Reinhard,Beiderbeck,rbeiderbeckpq@gravatar.com,Male,PT
928,Almeria,Dutt,aduttpr@sitemeter.com,Female,GR
929,Onofredo,Mingay,omingayps@epa.gov,Male,AL
930,Jake,Fannon,jfannonpt@ebay.co.uk,Male,PH
931,Elbertine,McGarry,emcgarrypu@mediafire.com,Female,CN
932,Silvanus,Pawnsford,spawnsfordpv@networkadvertising.org,Male,FI
933,Elfrida,Meneer,emeneerpw@php.net,Female,CM
934,Keeley,Blasing,kblasingpx@ifeng.com,Female,RU
935,Caresa,Bointon,cbointonpy@ft.com,Female,PH
936,Shaylyn,Josovitz,sjosovitzpz@dyndns.org,Bigender,PH
937,Linn,Gellately,lgellatelyq0@mapy.cz,Female,PH
938,Pace,Keech,pkeechq1@51.la,Male,GR
939,Keelby,Padkin,kpadkinq2@1688.com,Male,RU
940,Nevin,Latan,nlatanq3@meetup.com,Male,CN
941,Orrin,Volkers,ovolkersq4@businessinsider.com,Male,RU
942,Mischa,Vannuccini,mvannucciniq5@usda.gov,Male,CN
943,Daryl,Gothup,dgothupq6@vinaora.com,Female,BR
944,Morry,Walcar,mwalcarq7@hatena.ne.jp,Male,CH
945,Agosto,Hellens,ahellensq8@addtoany.com,Male,CN
946,Gerek,Jolliffe,gjolliffeq9@boston.com,Male,RS
947,Carlyn,Mantle,cmantleqa@hud.gov,Female,ID
948,Tisha,O'Monahan,tomonahanqb@blog.com,Female,CN
949,Ema,Randell,erandellqc@weather.com,Female,CU
950,Ricoriki,Weldon,rweldonqd@opensource.org,Agender,US
951,Nell,Spalls,nspallsqe@unc.edu,Female,ID
952,Balduin,Trimbey,btrimbeyqf@gizmodo.com,Male,VN
953,Tris,Pressman,tpressmanqg@tripod.com,Male,SL
954,Lisabeth,Knapper,lknapperqh@devhub.com,Female,WS
955,Charley,Utridge,cutridgeqi@disqus.com,Male,JM
956,Konstantine,Fairbank,kfairbankqj@t.co,Male,BR
957,Ursula,Sergeant,usergeantqk@hibu.com,Female,CN
958,Budd,Luxton,bluxtonql@bigcartel.com,Male,CN
959,Shina,Royden,sroydenqm@booking.com,Female,PL
960,Isac,McAne,imcaneqn@zimbio.com,Male,CN
961,Max,Stoeckle,mstoeckleqo@posterous.com,Agender,PH
962,Marius,Eannetta,meannettaqp@xrea.com,Male,CN
963,Gaultiero,Constable,gconstableqq@odnoklassniki.ru,Male,PT
964,Britt,Ferens,bferensqr@un.org,Male,VN
965,Shaina,Bandy,sbandyqs@msn.com,Female,MN
966,Rutger,Fowlestone,rfowlestoneqt@mayoclinic.com,Male,ID
967,Bren,McGeechan,bmcgeechanqu@bbb.org,Female,SE
968,Tildie,Smiley,tsmileyqv@unesco.org,Female,TJ
969,Eamon,Drewry,edrewryqw@bloomberg.com,Male,PT
970,Eduardo,Cristea,ecristeaqx@topsy.com,Male,RU
971,Vilhelmina,Lunnon,vlunnonqy@chron.com,Female,BR
972,Renaud,Moorman,rmoormanqz@eventbrite.com,Male,ID
973,Nadia,Roos,nroosr0@deviantart.com,Female,FR
974,Shalom,Ridel,sridelr1@alexa.com,Polygender,CN
975,Abbott,Strickett,astrickettr2@dagondesign.com,Male,BI
976,Rafaelita,Sinson,rsinsonr3@w3.org,Female,VE
977,Chalmers,Ledward,cledwardr4@washington.edu,Male,JP
978,Teddy,McGilbon,tmcgilbonr5@hp.com,Male,ES
979,Payton,Houtby,phoutbyr6@shutterfly.com,Male,GR
980,Sharline,Potteridge,spotteridger7@goo.ne.jp,Female,SE
981,Lilyan,Low,llowr8@elpais.com,Female,NO
982,Merla,Gummer,mgummerr9@phpbb.com,Female,CN
983,Carey,Matterdace,cmatterdacera@jimdo.com,Male,CA
984,Dante,Speaks,dspeaksrb@dedecms.com,Male,RU
985,Quinton,Corona,qcoronarc@indiatimes.com,Male,BR
986,Missy,Vasyunin,mvasyuninrd@1688.com,Polygender,CO
987,Aurlie,Thurlborn,athurlbornre@drupal.org,Female,RU
988,Celestine,Riccardini,criccardinirf@rambler.ru,Female,CN
989,Bunnie,Escalero,bescalerorg@nasa.gov,Female,TN
990,Katuscha,Hutson,khutsonrh@elegantthemes.com,Female,PH
991,Sylvan,Douris,sdourisri@artisteer.com,Male,CN
992,Lenka,Hillock,lhillockrj@amazon.de,Polygender,FM
993,Anjanette,Gilliatt,agilliattrk@who.int,Female,ID
994,Cherianne,Ramalhete,cramalheterl@google.cn,Female,CN
995,Cristian,Stump,cstumprm@e-recht24.de,Male,NL
996,Merla,Bottomley,mbottomleyrn@adobe.com,Non-binary,BO
997,Cati,Fogt,cfogtro@about.me,Female,TH
998,Deonne,Tunnoch,dtunnochrp@discuz.net,Female,NZ
999,Christiane,Shawel,cshawelrq@deviantart.com,Female,RU
1000,Chrissy,Serck,cserckrr@upenn.edu,Female,ID
